team,total_epa_l8,def_pass_epa_l8,success_rate_ewm,sack_rate_l5,cpoe_l8,success_rate_l8,wp_added_l5,def_turnovers_per_drive_ewm,def_turnovers_per_drive_l8,explosive_pass_rate_l8,success_rate_l5
ARI,-0.07276048000264801,0.41838252361671086,0.4747854218189024,0.07709504112584985,-0.6670758793405478,0.4557331592347196,0.0877722009754507,0.06516079703586225,0.06527777777777778,0.06363462002149714,0.45806895292930283
ATL,-5.544416399992419,0.01368746240852078,0.4839626496861337,0.07013431013431012,-4.81611934157161,0.4536839262630555,-0.1069447118228064,0.09307669571083266,0.11668609168609168,0.07771750288908831,0.44875945056021455
BAL,9.505514716290147,0.10781151489703447,0.514044220232466,0.0705571117335823,6.611392929213157,0.510531169233794,0.4896112909191288,0.08901241683903516,0.11275252525252524,0.11511295959825368,0.5137284664805578
BUF,9.390270013411778,-0.0615567962025559,0.5145329552299814,0.07112914862914861,4.751809022707444,0.5006077511446876,0.6024568283581175,0.08669319978113865,0.09370629370629371,0.1037807288846087,0.5130815149710326
CAR,-0.6005817419436835,0.03407017635383388,0.4453538900029388,0.04181483119563615,3.137250967735982,0.45647563597590113,0.025030415546000117,0.180917617013228,0.14791805416805417,0.08642110791685094,0.4594245627119434
CHI,8.948159452098169,0.12450440184283308,0.45398647236097334,0.04313033203355783,-0.05417846985378119,0.47823107291511086,0.19785178714664653,0.05788924514647463,0.08936965811965812,0.1134792452961333,0.46649361145827895
CIN,5.929266010077664,0.004429145363317576,0.48613809055969426,0.06350491613649507,6.643654597986066,0.4993456715652595,0.17288690708437732,0.167282345536639,0.1552083333333333,0.09646190797506585,0.48939068538555064
CLE,-7.89864962658838,-0.11089899836914088,0.431702838113138,0.12015888577653282,-0.974599482951523,0.4092367927121638,0.04443452613593616,0.07366355095957816,0.05511363636363636,0.06755679165605635,0.4244756646781349
DAL,8.195256189219114,0.41993226620810065,0.5215877211753803,0.04479009362730292,0.972838279413363,0.4987707660650207,0.3101347117684782,0.06006720367392196,0.05560966810966811,0.07818685903097924,0.5095062764627982
DEN,-3.6455394638729555,-0.1661227420791762,0.44103278851466443,0.04805246422893482,-3.7986790489579065,0.44469401741963355,0.13947432122017261,0.13433717777213855,0.12279040404040403,0.06841544373578134,0.433349250873795
DET,5.838768075271288,0.025352973917570163,0.5425333378229871,0.07855742296918763,1.0310286608048975,0.4962741090652066,0.0958691853331402,0.09495666862855054,0.11425414862914862,0.10004806747260304,0.5140369818813602
GB,-0.42070312348923733,0.23351369391909232,0.43973660446210094,0.09743366053379927,-2.341659750426875,0.4557105527248161,-0.06398108131252231,0.07431023200109398,0.07028457653457654,0.10944072365158096,0.42866069388351524
HOU,-5.321206870988708,-0.10875180519364479,0.4416577693766688,0.07711033681765389,-5.88346739316661,0.445793947062063,-0.22843541546922075,0.15587007049548873,0.14109848484848486,0.07891387195121949,0.4346395633352156
IND,-0.9805788755015861,0.19764380153873148,0.47242571691573615,0.04979797979797978,-1.6882481254901116,0.4593168037829692,0.10535293920789623,0.03346947861889242,0.05753205128205129,0.055187057330520824,0.4616250543327209
JAX,12.232674362938313,-0.1724898171379317,0.5305358518889586,0.04611954459203035,6.858306815746282,0.5323456945784086,0.21112618827974075,0.20022737562819928,0.1789772727272727,0.11441786842286389,0.5418613952950697
KC,-4.216087216013918,-0.07853634333435486,0.5069715946732436,0.07167766195395238,-4.313284867543853,0.45069562352218745,0.17380769907855206,0.15135107210361137,0.10709325396825396,0.06971719809660565,0.46701598271012673
LA,4.946231162750138,0.02316967097313113,0.4654452196964487,0.04275618193727993,-1.4258260000905705,0.48318519531875237,0.24172737021914595,0.11404587196393354,0.12287296037296036,0.11077805713920567,0.46135183273348745
LAC,-10.026015138507184,0.01336141047607655,0.4332754548868633,0.10021021021021019,-0.16097729183819087,0.43355791899204577,-0.3379087353172747,0.21368871088000574,0.14955322455322453,0.07250210633831322,0.4074868930422554
LV,-7.2373689393986265,0.01708769729183169,0.4356902831506851,0.0729117664277818,-0.3726968093233305,0.41807537730015215,0.07366746431216602,0.22306585455627712,0.1136946386946387,0.05573163559638898,0.42686489837925523
MIA,-4.230783837085998,0.29701568083530544,0.4041973535435893,0.10513250319284802,-1.9124328108916537,0.43898581274044524,-0.04025958326819818,0.09334799950513065,0.10536616161616161,0.10618905096434254,0.4105544034840166
MIN,0.9130600096968267,-0.38953115580791536,0.3947998565874288,0.13925630528891397,-2.612188622050196,0.445995630380428,0.04831713719823494,0.16104386923445668,0.1916208791208791,0.07398021035928642,0.40086862081580393
NE,-7.929026398435676,-0.2124553956755454,0.42679617806530795,0.12077526395173452,1.117788544086908,0.44280036903752357,-0.2770478957685262,0.10600120132148966,0.13106060606060604,0.10922947456954808,0.41414693149987264
NO,0.5071742870361913,-0.063994971959974,0.47552101776296674,0.07574208152628618,4.613708070467181,0.45770619007459656,-0.0046321664990561,0.09702839634473673,0.10551948051948051,0.07674099102140215,0.45580122772163667
NYG,-1.0124912160831694,0.04353334197219376,0.4347862904890011,0.08222056326775193,-2.778162054021352,0.4489751876512724,0.2086073684040457,0.1804764287311485,0.16817279942279942,0.03756596863891754,0.46711508951406644
NYJ,-8.253579255594344,0.35484624300149487,0.4501451694249698,0.05455266955266953,-2.6796005982723745,0.431409831475286,-0.02099562792718641,0.03974087144209902,0.04469696969696969,0.06011139216081074,0.4447797157614394
PHI,2.361200551236477,-0.13114882341256284,0.44790738204270825,0.06308047249907711,2.469405551368912,0.46076758056572403,0.13782219737768175,0.06419780293483164,0.10417395104895104,0.07243275213641492,0.4373990690760987
PIT,-4.3400318630795525,0.005334847468361305,0.46464718027608803,0.06781115175939444,-1.7929023417836318,0.4530316798022503,0.011057959603920243,0.16047855057285365,0.14697698135198134,0.06756647349147102,0.44759770880460537
SEA,6.670122107812941,-0.26528000285387215,0.4922259492839277,0.04330484330484329,4.598608820052052,0.4940350585719581,0.2849144855491172,0.11237942570391773,0.1516098484848485,0.06287993301723276,0.4839818743977764
SF,8.838509229308801,0.09133183893842302,0.5383246813927473,0.01818181818181818,4.9722528967788415,0.5194083750166052,0.2945238114771201,0.07090050390192666,0.0625,0.11079138726197546,0.5268578497525865
TB,-1.960562749982202,0.08936456839238313,0.43207582908813563,0.09855581707387742,-0.013560570366349278,0.4655274732461427,-0.23815897959991084,0.08099029443949604,0.08486790986790987,0.07869490781956763,0.46192266162193035
TEN,-3.7883947446575252,0.16534585116136855,0.4411464209707734,0.05938884644766995,-0.6892316200239016,0.4497388253868496,-0.18190246853728834,0.0686419162567936,0.07490530303030303,0.07451377363902717,0.42934633963304786
WAS,-0.9530542698253359,0.16400236417261135,0.45360390345345225,0.03367676767676768,-1.2554630585301472,0.45381035911709766,0.1422690428980912,0.09949633715907613,0.0642628205128205,0.07510891885891884,0.4757474662783343
