game_id,season,week,away_team,home_team,home_win_prob,away_win_prob,pick,confidence,model_version,actual_winner,correct
2026_03_PHI_CHI,2026,3,PHI,CHI,0.542404029200432,0.457595970799568,CHI,0.542404029200432,SPATS_V1,CHI,1.0
2026_04_PIT_CLE,2026,4,PIT,CLE,0.4495620823976936,0.5504379176023064,PIT,0.5504379176023064,SPATS_V1,CLE,0.0
2026_04_IND_WAS,2026,4,IND,WAS,0.5987714786507641,0.4012285213492359,WAS,0.5987714786507641,SPATS_V1,IND,0.0
2026_04_TEN_BAL,2026,4,TEN,BAL,0.7749615000540111,0.2250384999459889,BAL,0.7749615000540111,SPATS_V1,BAL,1.0
2026_04_NE_BUF,2026,4,NE,BUF,0.7695745479872979,0.2304254520127021,BUF,0.7695745479872979,SPATS_V1,NE,0.0
2026_04_NYJ_CHI,2026,4,NYJ,CHI,0.8280701504922737,0.1719298495077262,CHI,0.8280701504922737,SPATS_V1,CHI,1.0
2026_04_JAX_CIN,2026,4,JAX,CIN,0.3851685715287108,0.6148314284712892,JAX,0.6148314284712892,SPATS_V1,JAX,1.0
2026_04_DAL_HOU,2026,4,DAL,HOU,0.5096145675701282,0.4903854324298717,HOU,0.5096145675701282,SPATS_V1,DAL,0.0
2026_04_ARI_NYG,2026,4,ARI,NYG,0.6484888288022764,0.3515111711977235,NYG,0.6484888288022764,SPATS_V1,NYG,1.0
2026_04_LA_PHI,2026,4,LA,PHI,0.4548551078730676,0.5451448921269324,LA,0.5451448921269324,SPATS_V1,LA,1.0
2026_04_GB_TB,2026,4,GB,TB,0.5665983873835609,0.433401612616439,TB,0.5665983873835609,SPATS_V1,GB,0.0
2026_04_MIA_MIN,2026,4,MIA,MIN,0.7535124267863225,0.2464875732136775,MIN,0.7535124267863225,SPATS_V1,MIN,1.0
2026_04_KC_LV,2026,4,KC,LV,0.4691371681038443,0.5308628318961557,KC,0.5308628318961557,SPATS_V1,KC,1.0
2026_04_LAC_SEA,2026,4,LAC,SEA,0.8125225490566103,0.1874774509433897,SEA,0.8125225490566103,SPATS_V1,SEA,1.0
2026_04_DEN_SF,2026,4,DEN,SF,0.7022175723197279,0.2977824276802721,SF,0.7022175723197279,SPATS_V1,SF,1.0
2026_04_DET_CAR,2026,4,DET,CAR,0.4958814029032162,0.5041185970967839,DET,0.5041185970967839,SPATS_V1,CAR,0.0
2026_04_ATL_NO,2026,4,ATL,NO,0.6368864669025094,0.3631135330974906,NO,0.6368864669025094,SPATS_V1,ATL,0.0
2026_05_TB_DAL,2026,5,TB,DAL,0.657208450260551,0.34279154973944903,DAL,0.657208450260551,SPATS_V1,,
2026_05_PHI_JAX,2026,5,PHI,JAX,0.8317647973067659,0.1682352026932341,JAX,0.8317647973067659,SPATS_V1,,
2026_05_CIN_MIA,2026,5,CIN,MIA,0.19813770687159876,0.8018622931284012,CIN,0.8018622931284012,SPATS_V1,,
2026_05_LV_NE,2026,5,LV,NE,0.5539996539224507,0.44600034607754935,NE,0.5539996539224507,SPATS_V1,,
2026_05_MIN_NO,2026,5,MIN,NO,0.49343879237278415,0.5065612076272159,MIN,0.5065612076272159,SPATS_V1,,
2026_05_CLE_NYJ,2026,5,CLE,NYJ,0.41687197870085924,0.5831280212991408,CLE,0.5831280212991408,SPATS_V1,,
2026_05_IND_PIT,2026,5,IND,PIT,0.5217088173153168,0.4782911826846832,PIT,0.5217088173153168,SPATS_V1,,
2026_05_HOU_TEN,2026,5,HOU,TEN,0.47120601310170307,0.5287939868982969,HOU,0.5287939868982969,SPATS_V1,,
2026_05_NYG_WAS,2026,5,NYG,WAS,0.5793325071763167,0.4206674928236833,WAS,0.5793325071763167,SPATS_V1,,
2026_05_DEN_LAC,2026,5,DEN,LAC,0.41565242085190807,0.5843475791480919,DEN,0.5843475791480919,SPATS_V1,,
2026_05_DET_ARI,2026,5,DET,ARI,0.39415907195063327,0.6058409280493667,DET,0.6058409280493667,SPATS_V1,,
2026_05_CHI_GB,2026,5,CHI,GB,0.3992569628947925,0.6007430371052075,CHI,0.6007430371052075,SPATS_V1,,
2026_05_SF_SEA,2026,5,SF,SEA,0.5680606528961205,0.4319393471038795,SEA,0.5680606528961205,SPATS_V1,,
2026_05_BAL_ATL,2026,5,BAL,ATL,0.4229959293565793,0.5770040706434207,BAL,0.5770040706434207,SPATS_V1,,
2026_05_BUF_LA,2026,5,BUF,LA,0.48508710740664446,0.5149128925933555,BUF,0.5149128925933555,SPATS_V1,,
