game_id,season,week,away_team,home_team,total_epa_l8_diff,def_pass_epa_l8_diff,success_rate_ewm_diff,sack_rate_l5_diff,cpoe_l8_diff,success_rate_l8_diff,wp_added_l5_diff,def_turnovers_per_drive_ewm_diff,def_turnovers_per_drive_l8_diff,explosive_pass_rate_l8_diff,success_rate_l5_diff,home_win_prob,away_win_prob,pick,confidence,model_version
2026_04_IND_WAS,2026,4,IND,WAS,0.027524605676250147,-0.03364143736612013,-0.0188218134622839,-0.0161212121212121,0.43278506695996444,-0.005506444665871524,0.03691610369019496,0.06602685854018371,0.006730769230769214,0.019921861528398012,0.014122411945613422,0.5987714786507641,0.4012285213492359,WAS,0.5987714786507641,SPATS_V1
2026_04_TEN_BAL,2026,4,TEN,BAL,13.293909460947672,-0.057534336264334074,0.0728977992616926,0.011168265285912346,7.3006245492370585,0.06079234384694443,0.6715137594564171,0.02037050058224156,0.03784722222222221,0.040599185959226514,0.08438212684750995,0.7749615000540111,0.2250384999459889,BAL,0.7749615000540111,SPATS_V1
2026_04_NE_BUF,2026,4,NE,BUF,17.319296411847453,0.1508985994729895,0.08773677716467349,-0.04964611532258591,3.6340204786205357,0.05780738210716402,0.8795047241266437,-0.019308001540351005,-0.03735431235431233,-0.005448745684939388,0.09893458347115996,0.7695745479872979,0.23042545201270215,BUF,0.7695745479872979,SPATS_V1
2026_04_NYJ_CHI,2026,4,NYJ,CHI,18.10842146853461,-0.24842363935006287,0.026122508197898187,-0.01713662323339741,2.792859864972287,0.050551514036668466,0.29191826133901483,0.11455380456977614,0.0550893550893551,0.048268232641963935,0.026735844774978368,0.8280701504922737,0.17192984950772627,CHI,0.8280701504922737,SPATS_V1
2026_04_JAX_CIN,2026,4,JAX,CIN,-6.303408352860649,0.17691896250124928,-0.04439776132926432,0.017385371544464727,-0.21465221776021615,-0.03300002301314914,-0.038239281195363434,-0.03294503009156027,-0.023768939393939398,-0.01795596044779804,-0.052470709909519075,0.3851685715287108,0.6148314284712892,JAX,0.6148314284712892,SPATS_V1
2026_04_DAL_HOU,2026,4,DAL,HOU,-13.516463060207823,-0.5286840714017454,-0.07992995179871154,0.03232024319035097,-6.856305672579973,-0.0529768190029577,-0.5385701272376989,0.09580286682156677,0.08548881673881675,0.0007270129202402442,-0.07486671312758264,0.5096145675701282,0.49038543242987176,HOU,0.5096145675701282,SPATS_V1
2026_04_ARI_NYG,2026,4,ARI,NYG,-0.9397307360805214,-0.3748491816445171,-0.039999131329901294,0.005125522141902081,-2.1110861746808043,-0.006757971583447153,0.120835167428595,0.11531563169528625,0.10289502164502164,-0.026068651382579598,0.009046136584763609,0.6484888288022764,0.35151117119772357,NYG,0.6484888288022764,SPATS_V1
2026_04_LA_PHI,2026,4,LA,PHI,-2.801957669491796,-0.06864879732419552,-0.032117921368688296,0.027467147704654325,4.963862367972469,-0.024414142530806093,-0.1516134847512739,-0.07231730005629297,-0.037929778554778554,-0.043027360751919666,-0.02031470395589624,0.45485510787306765,0.5451448921269324,LA,0.5451448921269324,SPATS_V1
2026_04_GB_TB,2026,4,GB,TB,-1.5398596264929647,-0.1441491255267092,-0.007660775373965312,0.001122156540078148,2.3280991800605255,0.0098169205213266,-0.17417789828738853,0.006680062438402065,0.014583333333333337,-0.03074581583201333,0.03326196773841511,0.5665983873835609,0.43340161261643906,TB,0.5665983873835609,SPATS_V1
2026_04_MIA_MIN,2026,4,MIA,MIN,5.143843846782824,-0.6865468366432208,-0.009397496956160545,0.034123802096065955,-0.6997558111585422,0.007009817639982763,0.08857672046643311,0.06769586972932604,0.0862547175047175,-0.03220884060505612,-0.009685782668212684,0.7535124267863225,0.24648757321367754,MIN,0.7535124267863225,SPATS_V1
2026_04_KC_LV,2026,4,KC,LV,-3.0212817233847087,0.09562404062618654,-0.07128131152255851,0.00123410447382942,3.9405880582205226,-0.0326202462220353,-0.10014023476638605,0.07171478245266574,0.006601384726384732,-0.013985562500216667,-0.0401510843308715,0.46913716810384437,0.5308628318961557,KC,0.5308628318961557,SPATS_V1
2026_04_LAC_SEA,2026,4,LAC,SEA,16.696137246320124,-0.2786414133299487,0.0589504943970644,-0.0569053669053669,4.7595861118902425,0.06047713957991235,0.622823220866392,-0.101309285176088,0.002056623931623952,-0.009622173321080466,0.07649498135552102,0.8125225490566103,0.18747745094338975,SEA,0.8125225490566103,SPATS_V1
2026_04_DEN_SF,2026,4,DEN,SF,12.484048693181757,0.2574545810175992,0.09729189287808282,-0.029870646047116638,8.770931945736749,0.07471435759697165,0.15504949025694748,-0.06343667387021189,-0.06029040404040403,0.042375943526194115,0.09350859887879154,0.7022175723197279,0.2977824276802721,SF,0.7022175723197279,SPATS_V1
2026_04_DET_CAR,2026,4,DET,CAR,-6.439349817214971,0.008717202436263716,-0.09717944782004828,-0.036742591773551485,2.1062223069310844,-0.03979847308930545,-0.07083876978714009,0.08596094838467747,0.03366390553890555,-0.013626959555752105,-0.05461241916941678,0.4958814029032162,0.5041185970967839,DET,0.5041185970967839,SPATS_V1
2026_04_ATL_NO,2026,4,ATL,NO,6.05159068702861,-0.07768243436849478,-0.008441631923166937,0.00560777139197606,9.42982741203879,0.0040222638115410825,0.10231254532375031,0.0039517006339040706,-0.011166611166611162,-0.0009765118676861584,0.007041777161422125,0.6368864669025094,0.3631135330974906,NO,0.6368864669025094,SPATS_V1
