week,game_id,away_team,home_team,away_ml,home_ml,source,price_basis,home_margin,home_win_prob,away_win_prob,pick,confidence,winner,correct,pick_ml,stake,profit
1,2026_01_NE_SEA,NE,SEA,142,-170,The Odds Gap / DraftKings,closing pre-kickoff,3.0,0.6860052330428386,0.31399476695716144,SEA,0.6860052330428386,SEA,True,-170,5.0,2.9411764705882355
1,2026_01_SF_LA,SF,LA,180,-218,The Odds Gap / DraftKings,closing pre-kickoff,-20.0,0.6965688443510064,0.3034311556489936,LA,0.6965688443510064,SF,False,-218,5.0,-5.0
1,2026_01_BAL_IND,BAL,IND,-175,145,The Odds Gap / DraftKings,closing pre-kickoff,-18.0,0.48388925115736436,0.5161107488426356,BAL,0.5161107488426356,BAL,True,-175,5.0,2.8571428571428568
1,2026_01_ATL_PIT,ATL,PIT,220,-270,The Odds Gap / DraftKings,closing pre-kickoff,7.0,0.4185976605158841,0.5814023394841159,ATL,0.5814023394841159,PIT,False,220,5.0,-5.0
1,2026_01_NO_DET,NO,DET,270,-340,The Odds Gap / DraftKings,closing pre-kickoff,1.0,0.5716063252702789,0.4283936747297211,DET,0.5716063252702789,DET,True,-340,5.0,1.4705882352941178
1,2026_01_CHI_CAR,CHI,CAR,-166,140,The Odds Gap / DraftKings,closing pre-kickoff,-22.0,0.4971324107422745,0.5028675892577255,CHI,0.5028675892577255,CHI,True,-166,5.0,3.0120481927710845
1,2026_01_CLE_JAX,CLE,JAX,350,-455,The Odds Gap / DraftKings,closing pre-kickoff,24.0,0.8666801199173498,0.13331988008265017,JAX,0.8666801199173498,JAX,True,-455,5.0,1.098901098901099
1,2026_01_BUF_HOU,BUF,HOU,-118,-102,The Odds Gap / DraftKings,closing pre-kickoff,-5.0,0.4542480921460766,0.5457519078539235,BUF,0.5457519078539235,BUF,True,-118,5.0,4.23728813559322
1,2026_01_NYJ_TEN,NYJ,TEN,102,-122,The Odds Gap / DraftKings,closing pre-kickoff,-13.0,0.6956920835900342,0.3043079164099658,TEN,0.6956920835900342,NYJ,False,-122,5.0,-5.0
1,2026_01_TB_CIN,TB,CIN,170,-205,The Odds Gap / DraftKings,closing pre-kickoff,6.0,0.6774425676635963,0.32255743233640366,CIN,0.6774425676635963,CIN,True,-205,5.0,2.4390243902439024
1,2026_01_GB_MIN,GB,MIN,105,-125,The Odds Gap / DraftKings,closing pre-kickoff,17.0,0.5270782895039561,0.4729217104960439,MIN,0.5270782895039561,MIN,True,-125,5.0,4.0
1,2026_01_ARI_LAC,ARI,LAC,380,-500,The Odds Gap / DraftKings,closing pre-kickoff,-12.0,0.5724710499708274,0.42752895002917257,LAC,0.5724710499708274,ARI,False,-500,5.0,-5.0
1,2026_01_WAS_PHI,WAS,PHI,205,-250,The Odds Gap / DraftKings,closing pre-kickoff,2.0,0.6488332984996513,0.3511667015003487,PHI,0.6488332984996513,PHI,True,-250,5.0,2.0
1,2026_01_MIA_LV,MIA,LV,142,-170,The Odds Gap / DraftKings,closing pre-kickoff,14.0,0.3050955070672567,0.6949044929327433,MIA,0.6949044929327433,LV,False,142,5.0,-5.0
1,2026_01_DAL_NYG,DAL,NYG,-162,136,The Odds Gap / DraftKings,closing pre-kickoff,8.0,0.5610566707375847,0.4389433292624153,NYG,0.5610566707375847,NYG,True,136,5.0,3.6764705882352944
1,2026_01_DEN_KC,DEN,KC,120,-142,The Odds Gap / DraftKings,closing pre-kickoff,21.0,0.28397711091330124,0.7160228890866988,DEN,0.7160228890866988,KC,False,120,5.0,-5.0
2,2026_02_DET_BUF,DET,BUF,210,-238,The Odds Gap,closing pre-kickoff,10.0,0.7029639037831201,0.2970360962168799,BUF,0.7029639037831201,BUF,True,-238,5.0,2.100840336134454
2,2026_02_CAR_ATL,CAR,ATL,-140,125,The Odds Gap,closing pre-kickoff,-31.0,0.5535966595516371,0.44640334044836294,ATL,0.5535966595516371,CAR,False,125,5.0,-5.0
2,2026_02_CIN_HOU,CIN,HOU,135,-148,The Odds Gap,closing pre-kickoff,-14.0,0.41000143199183625,0.5899985680081637,CIN,0.5899985680081637,CIN,True,135,5.0,3.7037037037037033
2,2026_02_CLE_TB,CLE,TB,340,-420,The Odds Gap,closing pre-kickoff,-4.0,0.7233442454752003,0.27665575452479974,TB,0.7233442454752003,CLE,False,-420,5.0,-5.0
2,2026_02_GB_NYJ,GB,NYJ,-155,154,The Odds Gap,closing pre-kickoff,-3.0,0.3561695977607788,0.6438304022392212,GB,0.6438304022392212,GB,True,-155,5.0,3.225806451612903
2,2026_02_MIN_CHI,MIN,CHI,190,-210,The Odds Gap,closing pre-kickoff,-6.0,0.6603928874363744,0.33960711256362563,CHI,0.6603928874363744,MIN,False,-210,5.0,-5.0
2,2026_02_NO_BAL,NO,BAL,330,-375,The Odds Gap,closing pre-kickoff,-7.0,0.6144109388860588,0.3855890611139412,BAL,0.6144109388860588,NO,False,-375,5.0,-5.0
2,2026_02_PHI_TEN,PHI,TEN,-325,300,The Odds Gap,closing pre-kickoff,-4.0,0.3203393108758522,0.6796606891241478,PHI,0.6796606891241478,PHI,True,-325,5.0,1.5384615384615385
2,2026_02_PIT_NE,PIT,NE,200,-230,The Odds Gap,closing pre-kickoff,17.0,0.6342796427589737,0.36572035724102625,NE,0.6342796427589737,NE,True,-230,5.0,2.1739130434782608
2,2026_02_JAX_DEN,JAX,DEN,127,-140,The Odds Gap,closing pre-kickoff,7.0,0.29380857934118026,0.7061914206588198,JAX,0.7061914206588198,DEN,False,127,5.0,-5.0
2,2026_02_LV_LAC,LV,LAC,260,-300,The Odds Gap,closing pre-kickoff,-12.0,0.6021884317451153,0.39781156825488473,LAC,0.6021884317451153,LV,False,-300,5.0,-5.0
2,2026_02_SEA_ARI,SEA,ARI,-209,185,The Odds Gap,closing pre-kickoff,-24.0,0.29877675104477375,0.7012232489552263,SEA,0.7012232489552263,SEA,True,-209,5.0,2.3923444976076556
2,2026_02_WAS_DAL,WAS,DAL,180,-209,The Odds Gap,closing pre-kickoff,17.0,0.5749878197044894,0.4250121802955106,DAL,0.5749878197044894,DAL,True,-209,5.0,2.3923444976076556
2,2026_02_MIA_SF,MIA,SF,700,-900,The Odds Gap,closing pre-kickoff,22.0,0.732790902998604,0.26720909700139595,SF,0.732790902998604,SF,True,-900,5.0,0.5555555555555556
2,2026_02_IND_KC,IND,KC,240,-265,The Odds Gap,closing pre-kickoff,3.0,0.5308000774334463,0.46919992256655374,KC,0.5308000774334463,KC,True,-265,5.0,1.8867924528301887
2,2026_02_NYG_LA,NYG,LA,245,-290,The Odds Gap,closing pre-kickoff,22.0,0.6572084660993358,0.3427915339006642,LA,0.6572084660993358,LA,True,-290,5.0,1.7241379310344829
3,2026_03_ATL_GB,ATL,GB,195,-238,VegasInsider,pre-game,-21.0,0.592822632823957,0.407177367176043,GB,0.592822632823957,ATL,False,-238,5.0,-5.0
3,2026_03_LAC_BUF,LAC,BUF,275,-350,FOX/bet365,pre-game,8.0,0.8722029664227653,0.1277970335772347,BUF,0.8722029664227653,BUF,True,-350,5.0,1.4285714285714284
3,2026_03_CAR_CLE,CAR,CLE,-135,115,FOX/bet365,pre-game,3.0,0.3204953125615283,0.6795046874384717,CAR,0.6795046874384717,CLE,False,-135,5.0,-5.0
3,2026_03_NYJ_DET,NYJ,DET,245,-305,FOX/bet365,pre-game,7.0,0.7767157235521001,0.22328427644789994,DET,0.7767157235521001,DET,True,-305,5.0,1.6393442622950818
3,2026_03_HOU_IND,HOU,IND,-125,105,FOX/bet365,pre-game,2.0,0.5023555796344557,0.49764442036554435,IND,0.5023555796344557,IND,True,105,5.0,4.761904761904762
3,2026_03_NE_JAX,NE,JAX,125,-150,FOX/bet365,pre-game,29.0,0.7555281203479213,0.24447187965207873,JAX,0.7555281203479213,JAX,True,-150,5.0,3.333333333333333
3,2026_03_KC_MIA,KC,MIA,-600,450,FOX/bet365,pre-game,-14.0,0.48582659434762054,0.5141734056523795,KC,0.5141734056523795,KC,True,-600,5.0,0.8333333333333333
3,2026_03_TEN_NYG,TEN,NYG,115,-135,FOX/bet365,pre-game,5.0,0.6279304466467484,0.37206955335325165,NYG,0.6279304466467484,NYG,True,-135,5.0,3.7037037037037033
3,2026_03_CIN_PIT,CIN,PIT,-180,150,FOX/bet365,pre-game,3.0,0.4099278684326562,0.5900721315673438,CIN,0.5900721315673438,PIT,False,-180,5.0,-5.0
3,2026_03_SEA_WAS,SEA,WAS,-400,320,FOX/bet365,pre-game,2.0,0.29538019902945883,0.7046198009705411,SEA,0.7046198009705411,WAS,False,-400,5.0,-5.0
3,2026_03_ARI_SF,ARI,SF,300,-380,FOX/bet365,pre-game,6.0,0.8178013286262762,0.1821986713737238,SF,0.8178013286262762,SF,True,-380,5.0,1.3157894736842104
3,2026_03_MIN_TB,MIN,TB,-115,-105,FOX/bet365,pre-game,-7.0,0.5006040868208047,0.4993959131791953,TB,0.5006040868208047,MIN,False,-105,5.0,-5.0
3,2026_03_BAL_DAL,BAL,DAL,-180,150,FOX/bet365,pre-game,-3.0,0.5026409334013523,0.4973590665986477,DAL,0.5026409334013523,BAL,False,150,5.0,-5.0
3,2026_03_LV_NO,LV,NO,155,-185,FOX/bet365,pre-game,-8.0,0.7018557824742075,0.29814421752579245,NO,0.7018557824742075,LV,False,-185,5.0,-5.0
3,2026_03_LA_DEN,LA,DEN,-130,110,FOX/bet365,pre-game,4.0,0.44891365680576706,0.551086343194233,LA,0.551086343194233,DEN,False,-130,5.0,-5.0
3,2026_03_PHI_CHI,PHI,CHI,-185,155,FOX/bet365,pre-game,,,,,,,False,-185,5.0,
