game_id,away_team,home_team,home_win_prob,away_win_prob,pick,confidence
2026_03_ATL_GB,ATL,GB,0.5912865183610553,0.4087134816389447,GB,0.5912865183610553
2026_03_ATL_GB,ATL,GB,0.5188823798732619,0.4811176201267381,GB,0.5188823798732619
2026_03_ATL_GB,ATL,GB,0.5540106919429897,0.4459893080570103,GB,0.5540106919429897
2026_03_ATL_GB,ATL,GB,0.4808014778181112,0.5191985221818888,ATL,0.5191985221818888
2026_03_LAC_BUF,LAC,BUF,0.8709678434721482,0.12903215652785183,BUF,0.8709678434721482
2026_03_LAC_BUF,LAC,BUF,0.818894350577621,0.18110564942237894,BUF,0.818894350577621
2026_03_LAC_BUF,LAC,BUF,0.8557863298220387,0.14421367017796127,BUF,0.8557863298220387
2026_03_LAC_BUF,LAC,BUF,0.7989999649474367,0.20100003505256325,BUF,0.7989999649474367
2026_03_CAR_CLE,CAR,CLE,0.33559937183007393,0.6644006281699261,CAR,0.6644006281699261
2026_03_CAR_CLE,CAR,CLE,0.38332310238907663,0.6166768976109234,CAR,0.6166768976109234
2026_03_CAR_CLE,CAR,CLE,0.36549473543120203,0.634505264568798,CAR,0.634505264568798
2026_03_CAR_CLE,CAR,CLE,0.4148154692720093,0.5851845307279907,CAR,0.5851845307279907
2026_03_NYJ_DET,NYJ,DET,0.7757907067025632,0.22420929329743677,DET,0.7757907067025632
2026_03_NYJ_DET,NYJ,DET,0.7648668100688704,0.23513318993112964,DET,0.7648668100688704
2026_03_NYJ_DET,NYJ,DET,0.8203979680231668,0.17960203197683322,DET,0.8203979680231668
2026_03_NYJ_DET,NYJ,DET,0.8111182754479607,0.18888172455203933,DET,0.8111182754479607
2026_03_HOU_IND,HOU,IND,0.5036655924811612,0.49633440751883884,IND,0.5036655924811612
2026_03_HOU_IND,HOU,IND,0.5017325245506544,0.4982674754493456,IND,0.5017325245506544
2026_03_HOU_IND,HOU,IND,0.520922549051974,0.479077450948026,IND,0.520922549051974
2026_03_HOU_IND,HOU,IND,0.5189925046779813,0.4810074953220187,IND,0.5189925046779813
2026_03_NE_JAX,NE,JAX,0.7489985975812451,0.2510014024187549,JAX,0.7489985975812451
2026_03_NE_JAX,NE,JAX,0.8141952303603979,0.18580476963960213,JAX,0.8141952303603979
2026_03_NE_JAX,NE,JAX,0.7819847301008268,0.2180152698991732,JAX,0.7819847301008268
2026_03_NE_JAX,NE,JAX,0.8404386143498205,0.15956138565017952,JAX,0.8404386143498205
2026_03_KC_MIA,KC,MIA,0.4754210819479652,0.5245789180520348,KC,0.5245789180520348
2026_03_KC_MIA,KC,MIA,0.371976924015164,0.628023075984836,KC,0.628023075984836
2026_03_KC_MIA,KC,MIA,0.4054253175679687,0.5945746824320313,KC,0.5945746824320313
2026_03_KC_MIA,KC,MIA,0.3082614546036673,0.6917385453963327,KC,0.6917385453963327
2026_03_TEN_NYG,TEN,NYG,0.6299738030813975,0.3700261969186025,NYG,0.6299738030813975
2026_03_TEN_NYG,TEN,NYG,0.6054199393283646,0.3945800606716354,NYG,0.6054199393283646
2026_03_TEN_NYG,TEN,NYG,0.6321289425321325,0.3678710574678675,NYG,0.6321289425321325
2026_03_TEN_NYG,TEN,NYG,0.6076290164074181,0.39237098359258193,NYG,0.6076290164074181
2026_03_CIN_PIT,CIN,PIT,0.41272706556401967,0.5872729344359804,CIN,0.5872729344359804
2026_03_CIN_PIT,CIN,PIT,0.3744876314636605,0.6255123685363395,CIN,0.6255123685363395
2026_03_CIN_PIT,CIN,PIT,0.44194998770225385,0.5580500122977461,CIN,0.5580500122977461
2026_03_CIN_PIT,CIN,PIT,0.4028603504414952,0.5971396495585048,CIN,0.5971396495585048
2026_03_SEA_WAS,SEA,WAS,0.2917291868154521,0.7082708131845479,SEA,0.7082708131845479
2026_03_SEA_WAS,SEA,WAS,0.2964032963332755,0.7035967036667246,SEA,0.7035967036667246
2026_03_SEA_WAS,SEA,WAS,0.30663502295144324,0.6933649770485568,SEA,0.6933649770485568
2026_03_SEA_WAS,SEA,WAS,0.31144293926471356,0.6885570607352864,SEA,0.6885570607352864
2026_03_ARI_SF,ARI,SF,0.8191120969543244,0.1808879030456756,SF,0.8191120969543244
2026_03_ARI_SF,ARI,SF,0.8293392518575006,0.17066074814249943,SF,0.8293392518575006
2026_03_ARI_SF,ARI,SF,0.8272506949155604,0.17274930508443964,SF,0.8272506949155604
2026_03_ARI_SF,ARI,SF,0.8371092102979294,0.1628907897020706,SF,0.8371092102979294
2026_03_MIN_TB,MIN,TB,0.4895067016764756,0.5104932983235244,MIN,0.5104932983235244
2026_03_MIN_TB,MIN,TB,0.4911617331205071,0.5088382668794929,MIN,0.5088382668794929
2026_03_MIN_TB,MIN,TB,0.4162349055136399,0.5837650944863602,MIN,0.5837650944863602
2026_03_MIN_TB,MIN,TB,0.4178449763722021,0.5821550236277979,MIN,0.5821550236277979
2026_03_BAL_DAL,BAL,DAL,0.5002011341343059,0.4997988658656941,DAL,0.5002011341343059
2026_03_BAL_DAL,BAL,DAL,0.44711447572426316,0.5528855242757369,BAL,0.5528855242757369
2026_03_BAL_DAL,BAL,DAL,0.465887249666312,0.534112750333688,BAL,0.534112750333688
2026_03_BAL_DAL,BAL,DAL,0.4134299133630229,0.5865700866369771,BAL,0.5865700866369771
2026_03_LV_NO,LV,NO,0.7041002651402154,0.2958997348597846,NO,0.7041002651402154
2026_03_LV_NO,LV,NO,0.6304530446865411,0.36954695531345894,NO,0.6304530446865411
2026_03_LV_NO,LV,NO,0.7023873847545942,0.29761261524540583,NO,0.7023873847545942
2026_03_LV_NO,LV,NO,0.6285387559345509,0.3714612440654491,NO,0.6285387559345509
2026_03_LA_DEN,LA,DEN,0.4590316697243054,0.5409683302756946,LA,0.5409683302756946
2026_03_LA_DEN,LA,DEN,0.509232616740987,0.49076738325901303,DEN,0.509232616740987
2026_03_LA_DEN,LA,DEN,0.4596309985964371,0.5403690014035629,LA,0.5403690014035629
2026_03_LA_DEN,LA,DEN,0.5098357176695978,0.4901642823304022,DEN,0.5098357176695978
2026_03_PHI_CHI,PHI,CHI,0.5322256872904897,0.4677743127095103,CHI,0.5322256872904897
